<?xml version="1.0" encoding="UTF-8"?><?xml-stylesheet type='text/xsl' href='_UpgradeReport_Files/UpgradeReport.xslt'?><UpgradeLog>
<Properties><Property Name="Solution" Value="jConsole_ATL_vc90">
</Property><Property Name="솔루션 파일" Value="D:\job_aqua\source\server\src\tool\jConsole_ATL\jConsole_ATL_vc90.sln">
</Property><Property Name="Date" Value="2009년 10월 7일 수요일">
</Property><Property Name="Time" Value="오전 11:32">
</Property></Properties><Event ErrorLevel="0" Project="" Source="jConsole_ATL_vc90.sln" Description="파일을 D:\job_aqua\source\server\src\tool\jConsole_ATL\jConsole_ATL_vc90.sln.old(으)로 백업했습니다.">
</Event><Event ErrorLevel="0" Project="jConsole_ATL_vc90" Source="jConsole_ATL_vc90.vcproj" Description="프로젝트가 업그레이드되었습니다.">
</Event><Event ErrorLevel="3" Project="jConsole_ATL_vc90" Source="jConsole_ATL_vc90.vcproj" Description="Converted">
</Event><Event ErrorLevel="0" Project="" Source="jConsole_ATL_vc90.sln" Description="솔루션을 변환했습니다.">
</Event><Event ErrorLevel="3" Project="" Source="jConsole_ATL_vc90.sln" Description="Converted">
</Event></UpgradeLog>